{
  "max_rss": 2756.89453125,
  "max_vms": 2871.73828125
}
