{
    "prefill_throughput": 380.60921190837547,
    "decode_throughput": 64.60880708561523
}
