{
    "decode_throughput": 44.71112548290274,
    "prefill_throughput": 71.2336256885289
}