{
    "prefill_throughput": 282.6465286528139,
    "decode_throughput": 72.13934977539526
}